{
  "train": {
    "auroc": 0.9881279101396616,
    "auprc": 0.7389351886499081,
    "accuracy": 0.9782960900860231,
    "precision": 0.07647690655209452,
    "recall": 0.9270833333333334,
    "f1": 0.1412978765628101,
    "balanced_accuracy": 0.9527391277307884,
    "pred_time": 0.09749579429626465
  },
  "val": {
    "auroc": 0.9830799752222463,
    "auprc": 0.8216532125080307,
    "accuracy": 0.9599728470775497,
    "precision": 0.02957906712172924,
    "recall": 0.9285714285714286,
    "f1": 0.05733186328555678,
    "balanced_accuracy": 0.9442927458103832,
    "pred_time": 0.014009714126586914
  },
  "test": {
    "auroc": 0.9771596024496256,
    "auprc": 0.6896531377110204,
    "accuracy": 0.9712553545094919,
    "precision": 0.03481012658227848,
    "recall": 0.8461538461538461,
    "f1": 0.0668693009118541,
    "balanced_accuracy": 0.908780829894519,
    "pred_time": 0.01517629623413086
  },
  "train_time": 1.1995484828948975
}