{
  "train": {
    "auroc": 0.9881278054395478,
    "auprc": 0.738933516670421,
    "accuracy": 0.9783011060115868,
    "precision": 0.07649333906317146,
    "recall": 0.9270833333333334,
    "f1": 0.14132592298531163,
    "balanced_accuracy": 0.9527416405335183,
    "pred_time": 0.008170127868652344
  },
  "val": {
    "auroc": 0.9830787195928412,
    "auprc": 0.8216533012754057,
    "accuracy": 0.9599728470775497,
    "precision": 0.02957906712172924,
    "recall": 0.9285714285714286,
    "f1": 0.05733186328555678,
    "balanced_accuracy": 0.9442927458103832,
    "pred_time": 0.0015180110931396484
  },
  "test": {
    "auroc": 0.9771600531461321,
    "auprc": 0.6896531415405388,
    "accuracy": 0.9712553545094919,
    "precision": 0.03481012658227848,
    "recall": 0.8461538461538461,
    "f1": 0.0668693009118541,
    "balanced_accuracy": 0.908780829894519,
    "pred_time": 0.0015189647674560547
  },
  "train_time": 0.1356208324432373
}