{
  "train": {
    "auroc": 0.9886971123080428,
    "auprc": 0.8128717207731994,
    "accuracy": 0.9974920372181677,
    "precision": 0.42857142857142855,
    "recall": 0.90625,
    "f1": 0.5819397993311036,
    "balanced_accuracy": 0.9519590595333223,
    "pred_time": 0.10774731636047363
  },
  "val": {
    "auroc": 0.978009743684184,
    "auprc": 0.848836309526549,
    "accuracy": 0.9960675077830575,
    "precision": 0.23333333333333334,
    "recall": 0.875,
    "f1": 0.3684210526315789,
    "balanced_accuracy": 0.9356132075471698,
    "pred_time": 0.0408933162689209
  },
  "test": {
    "auroc": 0.978671914576787,
    "auprc": 0.7553147823718347,
    "accuracy": 0.9971910769878982,
    "precision": 0.2733333333333333,
    "recall": 0.7884615384615384,
    "f1": 0.40594059405940597,
    "balanced_accuracy": 0.8929534953316856,
    "pred_time": 0.04086637496948242
  },
  "train_time": 1.1993439197540283
}