{
  "train": {
    "auroc": 0.9886561941948393,
    "auprc": 0.7969359017473967,
    "accuracy": 0.9977027060918416,
    "precision": 0.45194805194805193,
    "recall": 0.90625,
    "f1": 0.6031195840554593,
    "balanced_accuracy": 0.9520645972479784,
    "pred_time": 0.03495311737060547
  },
  "val": {
    "auroc": 0.9812275033064908,
    "auprc": 0.8456369150739061,
    "accuracy": 0.9958334308653823,
    "precision": 0.22522522522522523,
    "recall": 0.8928571428571429,
    "f1": 0.3597122302158273,
    "balanced_accuracy": 0.9444128676901442,
    "pred_time": 0.015865087509155273
  },
  "test": {
    "auroc": 0.9770480550642964,
    "auprc": 0.7508934135821564,
    "accuracy": 0.9963249923925002,
    "precision": 0.2192513368983957,
    "recall": 0.7884615384615384,
    "f1": 0.34309623430962344,
    "balanced_accuracy": 0.8925199252925471,
    "pred_time": 0.01399087905883789
  },
  "train_time": 0.4324171543121338
}