{
  "train": {
    "auroc": 0.9972830713108287,
    "auprc": 0.9751052921119373,
    "accuracy": 0.9999297770421087,
    "precision": 0.9868421052631579,
    "recall": 0.9765625,
    "f1": 0.981675392670157,
    "balanced_accuracy": 0.9882686859863505,
    "pred_time": 0.026821136474609375
  },
  "val": {
    "auroc": 0.8729309320118532,
    "auprc": 0.6167589945716433,
    "accuracy": 0.999227546171672,
    "precision": 0.7555555555555555,
    "recall": 0.6071428571428571,
    "f1": 0.6732673267326733,
    "balanced_accuracy": 0.8034425172858315,
    "pred_time": 0.005885124206542969
  },
  "test": {
    "auroc": 0.8828166548584182,
    "auprc": 0.5655128873813896,
    "accuracy": 0.9990402846375319,
    "precision": 0.5964912280701754,
    "recall": 0.6538461538461539,
    "f1": 0.6238532110091743,
    "balanced_accuracy": 0.8266535604122611,
    "pred_time": 0.0056209564208984375
  },
  "train_time": 0.28531503677368164
}