{
  "train": {
    "auroc": 0.9973372536196923,
    "auprc": 0.9815167177013266,
    "accuracy": 0.9999147292654177,
    "precision": 0.9893333333333333,
    "recall": 0.9661458333333334,
    "f1": 0.9776021080368906,
    "balanced_accuracy": 0.9830628654557471,
    "pred_time": 0.08585071563720703
  },
  "val": {
    "auroc": 0.8947656995529959,
    "auprc": 0.6612317667163331,
    "accuracy": 0.9994382153975796,
    "precision": 0.9,
    "recall": 0.6428571428571429,
    "f1": 0.75,
    "balanced_accuracy": 0.8213816945974453,
    "pred_time": 0.01255941390991211
  },
  "test": {
    "auroc": 0.9011255243853853,
    "auprc": 0.5872555014957852,
    "accuracy": 0.9992509538634395,
    "precision": 0.7,
    "recall": 0.6730769230769231,
    "f1": 0.6862745098039216,
    "balanced_accuracy": 0.8363626899009731,
    "pred_time": 0.018462181091308594
  },
  "train_time": 3.1190199851989746
}