{
  "model_info": {
    "hidden_layer_sizes": [
      16,
      8
    ],
    "activation": "relu",
    "solver": "adam",
    "learning_rate_init": 0.005,
    "alpha": 0.0001,
    "max_iter": 100,
    "n_layers_": 4,
    "n_outputs_": 1,
    "classes_": [
      0.0,
      1.0
    ]
  },
  "training_config": {
    "pos_weight": 761.875,
    "validation_split": null
  },
  "metrics": {
    "train": {
      "auroc": 0.9901211263832851,
      "auprc": 0.8627164606552562,
      "accuracy": 0.9906603309847616,
      "precision": 0.116331096196868,
      "recall": 0.9285714285714286,
      "f1": 0.20675944333996024
    },
    "val": null,
    "test": {
      "auroc": 0.988571688687698,
      "auprc": 0.77460245479094,
      "accuracy": 0.9934224386133284,
      "precision": 0.1365079365079365,
      "recall": 0.8269230769230769,
      "f1": 0.23433242506811988
    }
  },
  "data_info": {
    "train_samples": 42721,
    "val_samples": 0,
    "test_samples": 42721,
    "features": 6,
    "class_balance_train": {
      "positive": 56,
      "negative": 42665,
      "ratio": 761.875
    }
  }
}