{
  "train": {
    "auroc": 0.9867260606854422,
    "auprc": 0.8479030481786494,
    "accuracy": 0.9992325633887593,
    "precision": 0.7704918032786885,
    "recall": 0.8567708333333334,
    "f1": 0.8113440197287299,
    "balanced_accuracy": 0.9281391619991356,
    "pred_time": 0.0337061882019043
  },
  "val": {
    "auroc": 0.981138772161859,
    "auprc": 0.8512881205718562,
    "accuracy": 0.9992509538634395,
    "precision": 0.6714285714285714,
    "recall": 0.8392857142857143,
    "f1": 0.746031746031746,
    "balanced_accuracy": 0.9193733153638814,
    "pred_time": 0.014531850814819336
  },
  "test": {
    "auroc": 0.9794833936365258,
    "auprc": 0.742868534254669,
    "accuracy": 0.9992509538634395,
    "precision": 0.6785714285714286,
    "recall": 0.7307692307692307,
    "f1": 0.7037037037037037,
    "balanced_accuracy": 0.8651736894196291,
    "pred_time": 0.01600193977355957
  },
  "train_time": 0.4534592628479004
}