{
  "train": {
    "auroc": 0.9880617723865596,
    "auprc": 0.8484018827459096,
    "accuracy": 0.999177388207559,
    "precision": 0.7511415525114156,
    "recall": 0.8567708333333334,
    "f1": 0.8004866180048662,
    "balanced_accuracy": 0.9281115211691067,
    "pred_time": 0.10891866683959961
  },
  "val": {
    "auroc": 0.9799277176005758,
    "auprc": 0.8429714758061466,
    "accuracy": 0.9992509538634395,
    "precision": 0.6714285714285714,
    "recall": 0.8392857142857143,
    "f1": 0.746031746031746,
    "balanced_accuracy": 0.9193733153638814,
    "pred_time": 0.09402275085449219
  },
  "test": {
    "auroc": 0.9752822261522958,
    "auprc": 0.741939645877403,
    "accuracy": 0.9992509538634395,
    "precision": 0.6785714285714286,
    "recall": 0.7307692307692307,
    "f1": 0.7037037037037037,
    "balanced_accuracy": 0.8651736894196291,
    "pred_time": 0.04056525230407715
  },
  "train_time": 1.282313346862793
}