{
  "model_info": {
    "hidden_layer_sizes": [
      256,
      128,
      64
    ],
    "activation": "relu",
    "solver": "adam",
    "learning_rate_init": 0.01,
    "alpha": 0.0001,
    "max_iter": 200,
    "n_layers_": 5,
    "n_outputs_": 1,
    "classes_": [
      0.0,
      1.0
    ]
  },
  "training_config": {
    "pos_weight": 518.7,
    "validation_split": "manual"
  },
  "metrics": {
    "train": {
      "auroc": 0.9966669111414322,
      "auprc": 0.7554569480586738,
      "accuracy": 0.9866676698517794,
      "precision": 0.12400793650793651,
      "recall": 0.9765625,
      "f1": 0.22007042253521128
    },
    "val": {
      "auroc": 0.987602752339656,
      "auprc": 0.7660559225565721,
      "accuracy": 0.9899581002317361,
      "precision": 0.1090146750524109,
      "recall": 0.9285714285714286,
      "f1": 0.1951219512195122
    },
    "test": {
      "auroc": 0.9840563857385203,
      "auprc": 0.7234102910514157,
      "accuracy": 0.9935628847639334,
      "precision": 0.1414790996784566,
      "recall": 0.8461538461538461,
      "f1": 0.24242424242424243
    }
  },
  "data_info": {
    "train_samples": 199365,
    "val_samples": 42721,
    "test_samples": 42721,
    "features": 32,
    "class_balance_train": {
      "positive": 384,
      "negative": 198981,
      "ratio": 518.1796875
    }
  }
}