{
  "model_info": {
    "hidden_layer_sizes": [
      256,
      128,
      64
    ],
    "activation": "relu",
    "solver": "adam",
    "learning_rate_init": 0.01,
    "alpha": 0.0001,
    "max_iter": 200,
    "n_layers_": 5,
    "n_outputs_": 1,
    "classes_": [
      0.0,
      1.0
    ]
  },
  "training_config": {
    "pos_weight": 518.7,
    "sample_weights_used": true,
    "validation_split": "manual"
  },
  "metrics": {
    "train": {
      "auroc": 0.9983098195200377,
      "auprc": 0.816061813645911,
      "accuracy": 0.9955207784716474,
      "precision": 0.29492344883158744,
      "recall": 0.953125,
      "f1": 0.45046153846153847
    },
    "val": {
      "auroc": 0.9812406874152451,
      "auprc": 0.8501975525487935,
      "accuracy": 0.9950843847288219,
      "precision": 0.20155038759689922,
      "recall": 0.9285714285714286,
      "f1": 0.33121019108280253
    },
    "test": {
      "auroc": 0.9593557383580587,
      "auprc": 0.7773789174295096,
      "accuracy": 0.9969804077619906,
      "precision": 0.2608695652173913,
      "recall": 0.8076923076923077,
      "f1": 0.39436619718309857
    }
  },
  "data_info": {
    "train_samples": 199365,
    "val_samples": 42721,
    "test_samples": 42721,
    "features": 32,
    "class_balance_train": {
      "positive": 384,
      "negative": 198981,
      "ratio": 518.1796875
    }
  }
}