{
  "train": {
    "auroc": 0.9782194709126332,
    "auprc": 0.859410317108308,
    "accuracy": 0.9992526270910139,
    "precision": 0.7777777777777778,
    "recall": 0.8567708333333334,
    "f1": 0.815365551425031,
    "balanced_accuracy": 0.9281492132100553,
    "pred_time": 0.034243106842041016
  },
  "val": {
    "auroc": 0.9748135390333328,
    "auprc": 0.8462417538644964,
    "accuracy": 0.9993211769387421,
    "precision": 0.7142857142857143,
    "recall": 0.8035714285714286,
    "f1": 0.7563025210084033,
    "balanced_accuracy": 0.9015747685456463,
    "pred_time": 0.01597905158996582
  },
  "test": {
    "auroc": 0.9556960827262452,
    "auprc": 0.7271316633717784,
    "accuracy": 0.9993211769387421,
    "precision": 0.7169811320754716,
    "recall": 0.7307692307692307,
    "f1": 0.7238095238095238,
    "balanced_accuracy": 0.8652088437471268,
    "pred_time": 0.014252901077270508
  },
  "train_time": 0.5333058834075928
}