{
  "train": {
    "auroc": 0.9844792682257769,
    "auprc": 0.8498423076216797,
    "accuracy": 0.9992476111654504,
    "precision": 0.7759433962264151,
    "recall": 0.8567708333333334,
    "f1": 0.8143564356435643,
    "balanced_accuracy": 0.9281467004073254,
    "pred_time": 0.15369915962219238
  },
  "val": {
    "auroc": 0.981760099445849,
    "auprc": 0.8398945270765765,
    "accuracy": 0.9993211769387421,
    "precision": 0.7142857142857143,
    "recall": 0.8035714285714286,
    "f1": 0.7563025210084033,
    "balanced_accuracy": 0.9015747685456463,
    "pred_time": 0.05487418174743652
  },
  "test": {
    "auroc": 0.9791027804368871,
    "auprc": 0.736361278772397,
    "accuracy": 0.9992977692469746,
    "precision": 0.7115384615384616,
    "recall": 0.7115384615384616,
    "f1": 0.7115384615384616,
    "balanced_accuracy": 0.8555934591317422,
    "pred_time": 0.040239572525024414
  },
  "train_time": 1.465306282043457
}