{
  "train": {
    "auroc": 0.9794813952085878,
    "auprc": 0.7692440004132243,
    "accuracy": 0.9990419582173401,
    "precision": 0.8483754512635379,
    "recall": 0.6119791666666666,
    "f1": 0.7110438729198184,
    "balanced_accuracy": 0.8058840456186771,
    "pred_time": 0.00815892219543457
  },
  "val": {
    "auroc": 0.9824638797274448,
    "auprc": 0.7615329595111716,
    "accuracy": 0.9991105077128344,
    "precision": 0.7142857142857143,
    "recall": 0.5357142857142857,
    "f1": 0.6122448979591837,
    "balanced_accuracy": 0.7677165123637641,
    "pred_time": 0.0027048587799072266
  },
  "test": {
    "auroc": 0.9673587562218653,
    "auprc": 0.645987627408592,
    "accuracy": 0.9991573230963695,
    "precision": 0.7,
    "recall": 0.5384615384615384,
    "f1": 0.6086956521739131,
    "balanced_accuracy": 0.7690901519207783,
    "pred_time": 0.0020148754119873047
  },
  "train_time": 0.10898590087890625
}