{
  "train": {
    "auroc": 0.9794813559460451,
    "auprc": 0.7692440744936594,
    "accuracy": 0.9990419582173401,
    "precision": 0.8483754512635379,
    "recall": 0.6119791666666666,
    "f1": 0.7110438729198184,
    "balanced_accuracy": 0.8058840456186771,
    "pred_time": 0.0810239315032959
  },
  "val": {
    "auroc": 0.9824634611843096,
    "auprc": 0.7615329559653444,
    "accuracy": 0.9991105077128344,
    "precision": 0.7142857142857143,
    "recall": 0.5357142857142857,
    "f1": 0.6122448979591837,
    "balanced_accuracy": 0.7677165123637641,
    "pred_time": 0.00851297378540039
  },
  "test": {
    "auroc": 0.967358305525359,
    "auprc": 0.6459870365407071,
    "accuracy": 0.9991573230963695,
    "precision": 0.7,
    "recall": 0.5384615384615384,
    "f1": 0.6086956521739131,
    "balanced_accuracy": 0.7690901519207783,
    "pred_time": 0.008922815322875977
  },
  "train_time": 0.95627760887146
}