{
  "train": {
    "auroc": 1.0,
    "auprc": 1.0,
    "accuracy": 0.9999949840744363,
    "precision": 0.9974025974025974,
    "recall": 1.0,
    "f1": 0.9986996098829649,
    "balanced_accuracy": 0.9999974871972701,
    "pred_time": 0.02836298942565918
  },
  "val": {
    "auroc": 0.9819850663809412,
    "auprc": 0.833154506676263,
    "accuracy": 0.9996020692399522,
    "precision": 0.9148936170212766,
    "recall": 0.7678571428571429,
    "f1": 0.8349514563106796,
    "balanced_accuracy": 0.8838816945974453,
    "pred_time": 0.006513833999633789
  },
  "test": {
    "auroc": 0.9769360569824607,
    "auprc": 0.7591284869940306,
    "accuracy": 0.9995318461646497,
    "precision": 0.8636363636363636,
    "recall": 0.7307692307692307,
    "f1": 0.7916666666666666,
    "balanced_accuracy": 0.86531430672962,
    "pred_time": 0.006360769271850586
  },
  "train_time": 0.2814819812774658
}