{
  "train": {
    "auroc": 1.0,
    "auprc": 1.0,
    "accuracy": 0.9999949840744363,
    "precision": 0.9974025974025974,
    "recall": 1.0,
    "f1": 0.9986996098829649,
    "balanced_accuracy": 0.9999974871972701,
    "pred_time": 0.05423259735107422
  },
  "val": {
    "auroc": 0.967240628819206,
    "auprc": 0.8617942715890168,
    "accuracy": 0.9996020692399522,
    "precision": 0.9148936170212766,
    "recall": 0.7678571428571429,
    "f1": 0.8349514563106796,
    "balanced_accuracy": 0.8838816945974453,
    "pred_time": 0.012776851654052734
  },
  "test": {
    "auroc": 0.9761667180460684,
    "auprc": 0.7650410837525197,
    "accuracy": 0.9996020692399522,
    "precision": 0.9069767441860465,
    "recall": 0.75,
    "f1": 0.8210526315789474,
    "balanced_accuracy": 0.8749531275633364,
    "pred_time": 0.011351823806762695
  },
  "train_time": 2.5858945846557617
}