{
  "train": {
    "auroc": 1.0,
    "auprc": 1.0,
    "accuracy": 0.9999899681488726,
    "precision": 0.9948186528497409,
    "recall": 1.0,
    "f1": 0.9974025974025974,
    "balanced_accuracy": 0.9999949743945402,
    "pred_time": 0.02832508087158203
  },
  "val": {
    "auroc": 0.9776405886390651,
    "auprc": 0.8135004957656689,
    "accuracy": 0.9995786615481848,
    "precision": 0.8958333333333334,
    "recall": 0.7678571428571429,
    "f1": 0.8269230769230769,
    "balanced_accuracy": 0.8838699753896637,
    "pred_time": 0.006369829177856445
  },
  "test": {
    "auroc": 0.980084622776038,
    "auprc": 0.7563060236183247,
    "accuracy": 0.9995318461646497,
    "precision": 0.8478260869565217,
    "recall": 0.75,
    "f1": 0.7959183673469388,
    "balanced_accuracy": 0.8749179732358386,
    "pred_time": 0.006272077560424805
  },
  "train_time": 0.2893528938293457
}