{
  "train": {
    "auroc": 1.0,
    "auprc": 1.0,
    "accuracy": 0.9999899681488726,
    "precision": 0.9948186528497409,
    "recall": 1.0,
    "f1": 0.9974025974025974,
    "balanced_accuracy": 0.9999949743945402,
    "pred_time": 0.062155723571777344
  },
  "val": {
    "auroc": 0.982412398921833,
    "auprc": 0.8091196622013906,
    "accuracy": 0.9994850307811147,
    "precision": 0.8148148148148148,
    "recall": 0.7857142857142857,
    "f1": 0.8,
    "balanced_accuracy": 0.8927399507793273,
    "pred_time": 0.011566638946533203
  },
  "test": {
    "auroc": 0.9733796108506085,
    "auprc": 0.7530961715776461,
    "accuracy": 0.9995084384728822,
    "precision": 0.8297872340425532,
    "recall": 0.75,
    "f1": 0.7878787878787878,
    "balanced_accuracy": 0.8749062551266727,
    "pred_time": 0.011960983276367188
  },
  "train_time": 1.7131168842315674
}