{
  "train": {
    "auroc": 0.9757865740007841,
    "auprc": 0.8579322731461775,
    "accuracy": 0.9994933915180698,
    "precision": 0.9609120521172638,
    "recall": 0.7682291666666666,
    "f1": 0.85383502170767,
    "balanced_accuracy": 0.8840844297005743,
    "pred_time": 0.042510032653808594
  },
  "val": {
    "auroc": 0.9710648574442082,
    "auprc": 0.8361672547645898,
    "accuracy": 0.9992977692469746,
    "precision": 1.0,
    "recall": 0.4642857142857143,
    "f1": 0.6341463414634146,
    "balanced_accuracy": 0.7321428571428572,
    "pred_time": 0.017040014266967773
  },
  "test": {
    "auroc": 0.960474367086896,
    "auprc": 0.7147368133338856,
    "accuracy": 0.9993679923222771,
    "precision": 0.9629629629629629,
    "recall": 0.5,
    "f1": 0.6582278481012658,
    "balanced_accuracy": 0.7499882818908341,
    "pred_time": 0.020261287689208984
  },
  "train_time": 4.103550434112549
}