{
  "train": {
    "auroc": 0.9773729443179667,
    "auprc": 0.8680047723907245,
    "accuracy": 0.9995084392947609,
    "precision": 0.9612903225806452,
    "recall": 0.7760416666666666,
    "f1": 0.8587896253602305,
    "balanced_accuracy": 0.8879906797005743,
    "pred_time": 0.09619903564453125
  },
  "val": {
    "auroc": 0.9676769600375016,
    "auprc": 0.8326175339024043,
    "accuracy": 0.9993914000140446,
    "precision": 1.0,
    "recall": 0.5357142857142857,
    "f1": 0.6976744186046512,
    "balanced_accuracy": 0.7678571428571428,
    "pred_time": 0.04022526741027832
  },
  "test": {
    "auroc": 0.9568924566024334,
    "auprc": 0.7227855445659919,
    "accuracy": 0.9994382153975796,
    "precision": 0.9666666666666667,
    "recall": 0.5576923076923077,
    "f1": 0.7073170731707317,
    "balanced_accuracy": 0.778834435736988,
    "pred_time": 0.04096651077270508
  },
  "train_time": 22.572168350219727
}