{
  "train": {
    "auroc": 1.0,
    "auprc": 1.0,
    "accuracy": 0.9999949840744363,
    "precision": 0.9974025974025974,
    "recall": 1.0,
    "f1": 0.9986996098829649,
    "balanced_accuracy": 0.9999974871972701,
    "pred_time": 0.05133819580078125
  },
  "val": {
    "auroc": 0.9798241281746497,
    "auprc": 0.8440601678783234,
    "accuracy": 0.9996957000070223,
    "precision": 0.9777777777777777,
    "recall": 0.7857142857142857,
    "f1": 0.8712871287128713,
    "balanced_accuracy": 0.8928454236493613,
    "pred_time": 0.011452436447143555
  },
  "test": {
    "auroc": 0.975462279406595,
    "auprc": 0.7687956007607556,
    "accuracy": 0.9995552538564172,
    "precision": 0.8837209302325582,
    "recall": 0.7307692307692307,
    "f1": 0.8,
    "balanced_accuracy": 0.8653260248387858,
    "pred_time": 0.01125955581665039
  },
  "train_time": 2.1832125186920166
}