{
  "train": {
    "auroc": 1.0,
    "auprc": 1.0,
    "accuracy": 1.0,
    "precision": 1.0,
    "recall": 1.0,
    "f1": 1.0,
    "balanced_accuracy": 1.0,
    "pred_time": 0.02960801124572754
  },
  "val": {
    "auroc": 0.9806802581574058,
    "auprc": 0.8497895108871444,
    "accuracy": 0.9996254769317198,
    "precision": 0.9166666666666666,
    "recall": 0.7857142857142857,
    "f1": 0.8461538461538461,
    "balanced_accuracy": 0.8928102660260167,
    "pred_time": 0.006323099136352539
  },
  "test": {
    "auroc": 0.9812032515048756,
    "auprc": 0.7629739596815878,
    "accuracy": 0.9995318461646497,
    "precision": 0.8478260869565217,
    "recall": 0.75,
    "f1": 0.7959183673469388,
    "balanced_accuracy": 0.8749179732358386,
    "pred_time": 0.006276845932006836
  },
  "train_time": 0.3032677173614502
}