{
  "train": {
    "auroc": 1.0,
    "auprc": 1.0,
    "accuracy": 1.0,
    "precision": 1.0,
    "recall": 1.0,
    "f1": 1.0,
    "balanced_accuracy": 1.0,
    "pred_time": 0.02636098861694336
  },
  "val": {
    "auroc": 0.9668036697862081,
    "auprc": 0.8435053961885082,
    "accuracy": 0.9996488846234873,
    "precision": 0.9767441860465116,
    "recall": 0.75,
    "f1": 0.8484848484848485,
    "balanced_accuracy": 0.8749882807922185,
    "pred_time": 0.006298065185546875
  },
  "test": {
    "auroc": 0.9807586394013308,
    "auprc": 0.7657294097394352,
    "accuracy": 0.9995084384728822,
    "precision": 0.8604651162790697,
    "recall": 0.7115384615384616,
    "f1": 0.7789473684210526,
    "balanced_accuracy": 0.8556989221142354,
    "pred_time": 0.00627899169921875
  },
  "train_time": 0.2762448787689209
}