{
  "train": {
    "auroc": 1.0,
    "auprc": 0.9999999999999999,
    "accuracy": 1.0,
    "precision": 1.0,
    "recall": 1.0,
    "f1": 1.0,
    "balanced_accuracy": 1.0,
    "pred_time": 0.05199861526489258
  },
  "val": {
    "auroc": 0.9781558152383185,
    "auprc": 0.8310813746889114,
    "accuracy": 0.9996722923152548,
    "precision": 0.9772727272727273,
    "recall": 0.7678571428571429,
    "f1": 0.86,
    "balanced_accuracy": 0.8839168522207899,
    "pred_time": 0.016324996948242188
  },
  "test": {
    "auroc": 0.980991874843383,
    "auprc": 0.7706120722716098,
    "accuracy": 0.9995318461646497,
    "precision": 0.8809523809523809,
    "recall": 0.7115384615384616,
    "f1": 0.7872340425531915,
    "balanced_accuracy": 0.8557106402234013,
    "pred_time": 0.01367497444152832
  },
  "train_time": 1.0206971168518066
}