{
  "train": {
    "auroc": 0.9923292246914697,
    "auprc": 0.7924437366992619,
    "accuracy": 0.9920698216838462,
    "precision": 0.1858267716535433,
    "recall": 0.921875,
    "f1": 0.30930537352555704,
    "balanced_accuracy": 0.9570401429659113,
    "pred_time": 0.1080784797668457
  },
  "val": {
    "auroc": 0.9800206341765583,
    "auprc": 0.8485054392430414,
    "accuracy": 0.9896772079305259,
    "precision": 0.10472279260780287,
    "recall": 0.9107142857142857,
    "f1": 0.1878453038674033,
    "balanced_accuracy": 0.9502475682643854,
    "pred_time": 0.04103398323059082
  },
  "test": {
    "auroc": 0.9819849845951933,
    "auprc": 0.7631757941862715,
    "accuracy": 0.991315746354252,
    "precision": 0.10421836228287841,
    "recall": 0.8076923076923077,
    "f1": 0.18461538461538463,
    "balanced_accuracy": 0.8996159164372621,
    "pred_time": 0.03999018669128418
  },
  "train_time": 1.0015087127685547
}