{
  "train": {
    "auroc": 0.9914744529628456,
    "auprc": 0.7943998030241582,
    "accuracy": 0.9919193439169363,
    "precision": 0.18489984591679506,
    "recall": 0.9375,
    "f1": 0.3088803088803089,
    "balanced_accuracy": 0.9647621820676346,
    "pred_time": 0.03502798080444336
  },
  "val": {
    "auroc": 0.9803083825819088,
    "auprc": 0.8534583174017638,
    "accuracy": 0.9894665387046183,
    "precision": 0.1028225806451613,
    "recall": 0.9107142857142857,
    "f1": 0.18478260869565216,
    "balanced_accuracy": 0.9501420953943513,
    "pred_time": 0.015063047409057617
  },
  "test": {
    "auroc": 0.9825686365709567,
    "auprc": 0.7470781598785373,
    "accuracy": 0.9917604924978348,
    "precision": 0.109375,
    "recall": 0.8076923076923077,
    "f1": 0.1926605504587156,
    "balanced_accuracy": 0.8998385605114143,
    "pred_time": 0.015957117080688477
  },
  "train_time": 0.4208221435546875
}