{
  "train": {
    "auroc": 0.9723407231197114,
    "auprc": 0.8534863451525755,
    "accuracy": 0.9993830411556692,
    "precision": 0.84251968503937,
    "recall": 0.8359375,
    "f1": 0.8392156862745098,
    "balanced_accuracy": 0.9178179818362054,
    "pred_time": 0.10707259178161621
  },
  "val": {
    "auroc": 0.9766023923925599,
    "auprc": 0.8533603174851612,
    "accuracy": 0.9996254769317198,
    "precision": 1.0,
    "recall": 0.7142857142857143,
    "f1": 0.8333333333333334,
    "balanced_accuracy": 0.8571428571428572,
    "pred_time": 0.040015220642089844
  },
  "test": {
    "auroc": 0.9727459315626371,
    "auprc": 0.7392829309986136,
    "accuracy": 0.9995552538564172,
    "precision": 0.9024390243902439,
    "recall": 0.7115384615384616,
    "f1": 0.7956989247311828,
    "balanced_accuracy": 0.8557223583325672,
    "pred_time": 0.04050636291503906
  },
  "train_time": 2.975518226623535
}