{
  "train": {
    "auroc": 0.9820613565177078,
    "auprc": 0.8557684367340224,
    "accuracy": 0.999357961527851,
    "precision": 0.8333333333333334,
    "recall": 0.8333333333333334,
    "f1": 0.8333333333333334,
    "balanced_accuracy": 0.9165058472919525,
    "pred_time": 0.03408670425415039
  },
  "val": {
    "auroc": 0.979389261857327,
    "auprc": 0.8438001088375224,
    "accuracy": 0.9996254769317198,
    "precision": 0.9545454545454546,
    "recall": 0.75,
    "f1": 0.84,
    "balanced_accuracy": 0.8749765615844369,
    "pred_time": 0.013817071914672852
  },
  "test": {
    "auroc": 0.9744263534866783,
    "auprc": 0.727338060802502,
    "accuracy": 0.9994850307811147,
    "precision": 0.8571428571428571,
    "recall": 0.6923076923076923,
    "f1": 0.7659574468085106,
    "balanced_accuracy": 0.8460835374988507,
    "pred_time": 0.041719675064086914
  },
  "train_time": 1.1218838691711426
}